companyID,companyName
0,Knight-Richardson
1,Roman-Scott
2,Welch Group
3,Smith PLC
4,Johnson-Reilly
5,Graham and Sons
6,Hill-Petersen
7,Neal Inc
8,"Simpson, Smith and Herrera"
9,Garner Group
10,Haley Ltd
11,Thomas PLC
12,Marshall-Reynolds
13,Guerrero-Anderson
14,"Porter, Davis and Smith"
15,"Vasquez, Saunders and Holloway"
16,Moore PLC
17,Bishop-Reynolds
18,"Gallagher, Garcia and Duncan"
19,Tucker-Cuevas
20,Martinez-Velez
21,Calderon and Sons
22,Gutierrez-Dennis
23,Gordon-Schroeder
24,Wilson PLC
25,Ferguson-Campos
26,Burch-Combs
27,Kaiser Inc
28,"Shields, Perry and Thompson"
29,Lynch Ltd
30,"Stevens, Gallagher and Ross"
31,King-Bryan
32,Lee-Williams
33,Carter Group
34,"Jimenez, Robles and Padilla"
35,Garcia-Fisher
36,"Gonzalez, Huynh and Perez"
37,Key-Lee
38,"Booker, Merritt and Clark"
39,Roberts-Parker
40,Lopez Inc
41,"Garcia, Wilson and Mccann"
42,"Fox, Duarte and Webb"
43,"Hayes, Daugherty and Bell"
44,Kennedy Inc
45,Nguyen and Sons
46,Gentry Inc
47,"Gonzalez, Morris and Bond"
48,Riddle-Glenn
49,Stuart-Vasquez
50,Cisneros-Brown
51,Miller Inc
52,"Morales, Herman and Johnson"
53,Edwards-Greene
54,Collier-Stanley
55,Bennett-Gonzalez
56,Michael-Carpenter
57,Delacruz-Juarez
58,Trujillo-Sullivan
59,Garcia-Page
60,"Morris, Chapman and Johnson"
61,Cummings and Sons
62,Foley Inc
63,Merritt PLC
64,Brown-Sellers
65,Smith Inc
66,"King, Williams and Barajas"
67,"Davis, Green and Morris"
68,Paul-Strickland
69,"Weber, Brown and Black"
70,"York, Hoffman and Mendoza"
71,"Woodard, Mendez and Galloway"
72,"Conrad, Weber and Pearson"
73,"Smith, Porter and Hamilton"
74,Brown-Ayala
75,Hernandez and Sons
76,Nelson Inc
77,Lee LLC
78,"Ellison, Miller and Navarro"
79,Salazar and Sons
80,Chen-Giles
81,Riley-Bautista
82,Lucas-Castaneda
83,Montgomery Ltd
84,"Chen, Colon and Rodriguez"
85,"Smith, Ashley and Tran"
86,Brown-Wolfe
