personID,personName,gender
0,Annie Hobbs,female
1,Jeff Byrd,male
2,Marie Selover,female
3,Gary Beyer,male
4,Angela Smith,female
5,Sandy Thomas,female
6,William Kaufman,male
7,Maria Wagner,female
8,Curt Johnson,male
9,Donald Welch,male
10,Shirley Rivera,female
11,Bennie Findley,male
12,Kenneth Shepherd,male
13,Rueben Ross,male
14,Gilbert Lazar,male
15,Anna Fuller,female
16,Casey Dubois,female
17,Rochelle Behn,female
18,Jeff Williams,male
19,Dorothy Chech,female
20,Patsy Gonzalez,female
21,Susana Githens,female
22,Joseph Weiner,male
23,Dennis Goodwin,male
24,Marietta Montgomery,female
25,Dane Quadnau,male
26,Dennis Risenhoover,male
27,Debra Lachley,female
28,Kevin Call,male
29,Rhonda Gardner,female
30,Geraldine Mcginnis,female
31,Fred Nicholson,male
32,Earl Simpson,male
33,Freddie Leonard,male
34,Jessica Valley,female
35,Jacqueline Schoch,female
36,Clara Henkel,female
37,Calvin Jackson,male
38,Fred Siegmund,male
39,Gilbert Campbell,male
40,Wanda Quinn,female
41,Robert Catt,male
42,Robert Baseler,male
43,Carolyn Hernandez,female
44,Rosa Hein,female
45,Oliver Tommie,male
46,Robert Santee,male
47,Dennis Spivey,male
48,Richard Kolden,male
49,Rosemary Knowles,female
50,Gerald Murphy,male
51,Paul Thomas,male
52,Sharon Drake,female
53,Andrew Ciprian,male
54,Melvin Johnson,male
55,Anna Gary,female
56,Pamela Cooley,female
57,Ashton Pilkington,female
58,William Cruz,male
59,William Mcreynolds,male
60,Richard Jaquez,male
61,Tom Gildea,male
62,Austin Driscoll,male
63,Justin Lobianco,male
64,Elinor Balk,female
65,Francis Beamish,male
66,Courtney Robin,male
67,Ronald Palmer,male
68,Louie Caddel,male
69,Robert Haygood,male
70,Arthur Lynch,male
71,Joann Farris,female
72,Alfred Nobles,male
73,George Gentile,male
74,Joshua Johnson,male
75,Juan Men,male
76,Rose Heck,female
77,Roman Moore,male
78,Betty Waller,female
79,Carter Gonzales,male
80,Leslie Hixson,female
81,Anne Chapman,female
82,Daniel Burgess,male
83,John Borich,male
84,Jeanette Charles,female
85,Ronald Wright,male
86,Jennifer Romero,female
87,Sidney Kull,male
88,Reiko Sutherland,female
89,Nancy Reitz,female
90,David Sanchez,male
91,Joseph Staelens,male
92,Hugo Kuhns,male
93,Matthew Mcgill,male
94,Brandon Dorsey,male
95,Dreama Stump,female
96,Elijah Vogel,male
97,Mary Morrow,female
98,Joe Ragland,male
99,Tracy Sommers,female
100,Martin Yanez,male
101,Christeen Mendoza,female
102,Brett Rigsby,male
103,James Cox,male
104,Jenny Hall,female
105,Stephen Carranza,male
106,Nicolas Mabry,male
107,David Hajdas,male
108,John Chambers,male
109,Matthew Ford,male
110,Jerome Dobkowski,male
111,Stanley Davis,male
112,Robert Holden,male
113,Omer Luna,male
114,Kristin Odonnell,female
115,Robert Lumpkin,male
116,Maria Douglas,female
117,Brian Carlson,male
118,Matthew Gamboa,male
119,Richard Ulibarri,male
120,Willie Maxwell,male
121,Dennis Walsh,male
122,Greg Lane,male
123,William Johnson,male
124,Oliver Viruet,male
125,Shara Hanlin,female
126,Clarence Robinson,male
127,Paula Martinez,female
128,Victoria Mayoras,female
129,John Stroud,male
130,John Ritchie,female
131,Barbara Boden,female
132,Edward Walter,male
133,Anthony Jones,male
134,Kristen Lusk,female
135,Don Howerton,male
136,Timothy Reedy,male
137,Kathryn Stuck,female
138,Bryan John,male
139,Henry Karter,male
140,Sean Akers,male
141,Gail Hailey,female
142,Grace Simmons,female
143,Rhonda Atkins,female
144,William Burgess,male
145,Janet Brown,female
146,Robert Willingham,male
147,Francisco Fishman,male
148,Harry Hirt,male
149,Marlene Brockway,female
150,Sarah Wasson,female
151,Earl Nelson,male
152,Marta Graham,female
153,Arthur Longmire,male
154,Jessie Maez,female
155,Chandra Murdock,female
156,John Capaldi,male
157,Elizabeth Medlock,female
158,Patty Reed,female
159,Michele Sharp,female
160,Nancy Henschel,female
161,Kirk Maddox,male
162,Pamela Tuinstra,female
163,Misty Sas,female
164,Linda Lee,female
165,Gerald Doyle,male
166,Richard Telles,male
167,Linda Webley,female
168,Ruthann Carbone,female
169,John Martinez,male
170,Corey Carter,male
171,Josie Samuel,female
172,Steve Krueger,male
173,Calvin Sutton,male
174,Karen Miller,female
175,Ray Hayward,male
176,Ernie Romine,male
177,Michael Hamby,male
178,Darlene Demarco,female
179,Robert Zolezzi,male
180,Aaron Loehr,male
181,Daniel Price,male
182,Annie Gully,female
183,Jack Schlesener,male
184,Raymond Groom,male
185,Richard Garcia,male
186,Joseph Patterson,male
187,Michael Owen,male
188,Benjamin Brumit,male
189,Ann Caruthers,female
190,Kristin Castillo,female
191,Mark Herms,male
192,Judith Fuqua,female
193,Robert Schoenfeld,male
194,Carolyn Cross,female
195,Kevin Carpenter,male
196,Christine Velasquez,female
197,Rudy Maynard,male
198,Theodore Griffis,male
199,Tony Verley,male
200,Russell Wolf,male
201,Cynthia Bates,female
202,Kristen Bucio,female
203,Agustin Sumlin,male
204,Steven Sapp,male
205,Patrick Overton,male
206,Kendra Bender,female
207,Antonio Vazquez,male
208,Mee Fryson,female
209,Eleanor Veilleux,female
210,Damien Garza,male
211,Keith Lessard,male
212,Charles Tsang,male
213,Marion Bennett,female
214,Russell Sanders,male
215,Cesar Marx,male
216,Michael Whitaker,male
217,Doreen Black,female
218,James Morris,male
219,James Long,male
220,Peter Kreger,male
221,Matthew Raney,male
222,Karen Hise,female
223,Bernadette Miller,female
224,Kristel Cox,female
225,Constance Engles,female
226,Sandra Berthold,female
227,Jennifer Hill,female
228,Graham Asuncion,male
229,Jason Penrod,male
230,Nicole Churchill,female
231,Charles Brown,male
232,Leta Schachter,female
233,Stephen Burns,male
234,Ora Meade,female
235,Robert Sickles,male
236,Marshall Cuellar,male
237,Steven Fernandez,male
238,Noella Johnson,female
239,Ernest Moralis,male
240,Stephen Sullivan,male
241,Norman Nunnery,male
242,Ethel Perez,female
243,Daniel Perez,male
244,Bryon Johnson,male
245,Sheila Duncan,female
246,Jean Ratliff,female
247,Stacy Moore,female
248,David Smith,male
249,Beverly Rios,female
250,Esther Reaves,female
251,Cynthia Hernanez,female
252,Carlos Phonharath,male
253,Douglas Carter,male
254,William Labonte,male
255,Al Cartwright,male
256,Gary Montoya,male
257,Anthony Lawhorn,male
258,Don Olivas,male
259,Reginald Anthony,male
260,Jamie Adkins,male
261,William Darden,male
262,Gregory Loos,male
263,Edna Rodriguez,female
264,Aaron Barrier,male
265,Paul Wisdom,male
266,David Young,male
267,James Heath,male
268,Isabelle Beamon,female
269,Jason Snyder,male
270,Allie White,female
271,Albert Welch,male
272,Peter Blackmore,male
273,Mark Zana,male
274,Nancy Grantham,female
275,Lawerence Rovinsky,male
276,Evette Tibbs,female
277,Hollie Williams,female
278,Patricia Lake,female
279,Yolanda Unga,female
280,Dollie Moran,female
281,Gail Gardner,female
282,Frank Piccirillo,male
283,Frank Lim,male
284,Mervin Leininger,male
285,Shawn Martin,male
286,Nancy Gertsch,female
287,Isaiah Smith,male
288,Blake Phillips,male
289,Johnathan Diamond,male
290,Jeffery Danley,male
291,Steven Price,male
292,Judith Leuthold,female
293,Evelyn Stewart,female
294,Maria Sperdute,female
295,John Grant,male
296,Jerry Ortega,male
297,Neil Peters,male
298,Elizabeth Blevins,female
299,Edgar Haslett,male
300,Charles Burden,male
301,Margaret Harris,female
302,Johnny Spearman,male
303,Ian Meyerhofer,male
304,Patricia Medina,female
305,Bob Clark,male
306,Regina Willis,female
307,Ryan Mcgibbon,male
308,Earl Maldonado,male
309,Kenneth Garcia,male
310,Ida Wilson,female
311,Angela Hoy,female
312,Deidra Harvin,female
313,Robert Mathers,male
314,Stephanie Bradford,female
315,Carlos Harrelson,male
316,Jessica Odaniel,female
317,Carolyn Dozier,female
318,Robert Lee,male
319,Rebecca Saffell,female
320,James Smalls,male
321,Thomas Hinchee,male
322,Robert Vantull,male
323,Anthony Womble,male
324,James Kenny,male
325,Donna Hendricks,female
326,Chad Richardson,male
327,Amy Davis,female
328,Mary Hendrick,female
329,Nickolas Maurey,male
330,Joshua Raney,male
331,Beatriz Oneill,female
332,Harry Ingram,male
333,Ronnie Thomas,male
334,James Alton,male
335,Vicky Yorke,female
336,Clarence Abernathy,male
337,Lamar Bivins,male
338,Erin Gainer,female
339,John Fletcher,male
340,David Guerra,male
341,Jessica Carson,female
342,Gary Knight,male
343,Ana Esquivel,female
344,David Flesher,male
345,Mary Pinales,female
346,Jerry Buttram,male
347,Keven Herron,male
348,Patrick Considine,female
349,Robert Curi,male
350,Wayne Ruffin,male
351,Willie Morrison,male
352,Hollie Odonnell,female
353,Paul Davenport,male
354,Edward Mojica,male
355,Diane Hubbs,female
356,Robert Melton,male
357,Jose Childs,male
358,Sidney Braswell,male
359,Jeffrey Williams,male
360,Christopher Sargent,male
361,Gregory Winchester,male
362,David Martel,male
363,Allen Montilla,male
364,Leo Carter,male
365,Arthur Allen,male
366,Edward Moore,male
367,Carlos Cason,male
368,James Stewart,male
369,Micheal Turk,male
370,Janet Alexander,female
371,Phillip Rieker,male
372,Sandra Goodstein,female
373,Christopher Cohen,male
374,Gregory Tacy,male
375,Bruce Grimsley,male
376,Lora Roesser,female
377,Johnny Neese,male
378,Wayne Wilson,male
379,Frances Heidler,female
380,Jamie Obrien,male
381,Kenneth Rayner,male
382,Crystal Lawrence,female
383,Shauna Hummel,female
384,Teresa Stewart,female
385,Debra Campbell,female
386,Linda Bower,female
387,Mary Schwartz,female
388,Prince Gordon,male
389,Ruby Hayes,female
390,Brian Schmidt,male
391,John Yarborough,male
392,Walter Brooks,male
393,Lauren Coleman,female
394,John Washington,male
395,Ramiro Young,male
396,Steve Hall,male
397,Shirley Ruiz,female
398,Judith Freeman,female
399,Mike Marino,male
400,Rolando Perkins,male
401,Marvin Whitten,male
402,Jeramy Smith,male
403,Cheryl Jones,female
404,Yvonne Brumit,female
405,Jacqueline Woods,female
406,Charles Schwarz,male
407,Christopher Bartram,male
408,Dana Montgomery,female
409,Richard Olsen,male
410,Wanda Ned,female
411,David Stamper,male
412,Clarence Debonis,male
413,Kathryn Sproule,female
414,Sheila Johnson,female
415,Kristen Sykes,female
416,Robert Mcclure,male
417,Robert Munsey,male
418,Randy Mccaughey,male
419,Michael Ducharme,male
420,Brian Harris,male
421,Antonio Ralph,male
422,Reyes Johnson,male
423,Nathan Palacios,male
424,Gregory Garcia,male
425,Rachelle Webb,female
426,Elena Paschall,female
427,Donna Garcia,female
428,Kelly Hoffman,female
429,Elaine Hogan,female
430,Kirby Warren,male
431,Stacy Collins,female
432,Janet Bennett,female
433,Casandra Hampson,female
434,Derrick Vasquez,male
435,Michael Cardi,male
436,Opal Stephenson,female
437,Justin Frenette,male
438,Wayne Manteca,male
439,Guy Richards,male
440,Leon Smith,male
441,Lawrence Griggs,male
442,Helen Cartier,female
443,Ray Young,male
444,Edward Fowler,male
445,Wayne Anast,male
446,David Peterson,male
447,Joseph Gore,male
448,Richard Tovar,male
449,Katrice Bishop,female
450,June Pope,female
451,Ralph Mathis,male
452,Mark Thompson,male
453,Melissa Harvey,female
454,Steven Nguyen,male
455,Nicole Thompson,female
456,Vincent Cashdollar,male
457,Jeremy Coplin,male
458,Victor Thomas,male
459,Scott Melchior,male
460,Carlos Carpenter,male
461,William Benware,male
462,Wanda Henderson,female
463,Robert Paris,male
464,Michael Rokus,male
465,Jesus Griffith,male
466,Cristobal Jack,male
467,Christina Gardner,female
468,William Bailey,male
469,Sergio Barnes,male
470,Karen Hernandez,female
471,Victor Rose,male
472,Kiersten Crews,female
473,Leonard Cole,male
474,James Fox,male
475,Natalie Hunt,female
476,Martha Carlson,female
477,Terrance Shoemake,male
478,Sammie Higgins,male
479,Maria Vadasy,female
480,Lorraine Doster,female
481,Phyllis Mcferren,female
482,David Burney,male
483,William Thomas,male
484,Matthew Moreno,male
485,Roger Williams,male
486,Thomas Robb,male
487,Rick Collier,male
488,Sherry Fernandez,female
489,John Gensler,male
490,Samuel Moscato,male
491,Jose Marotta,male
492,Paul Gaffigan,male
493,Bess Parker,female
494,James Hursey,male
495,Veronica Halseth,female
496,Lily Brown,female
497,Alicia Mccullough,female
498,Rogelio Aumick,male
499,Ezequiel Bryant,male
500,Sophia Sabo,female
501,Robert Esparza,male
502,Peter Josilowsky,male
503,William Balas,male
504,Virginia Mccoy,female
505,Kenneth Boehman,male
506,Lauren Petty,female
507,Joyce Ford,female
508,George Brand,male
509,Gary Zipfel,male
510,Rodney Hebner,male
511,Tyler Brown,male
512,Rose Brown,female
513,Frances Hagemann,female
514,Brooke Widen,female
515,Kim Whitehead,female
516,Ronald Anderson,male
517,Jay Odonnell,male
518,Ray Fox,male
519,Keith Phonharath,male
520,Kevin Torres,male
521,Mary Revard,female
522,Gary Criswell,male
523,Joseph Blackwell,male
524,Richard Alexander,male
525,Thomas Malsam,male
526,Denise Hanway,female
527,Darla Manning,female
528,Meghan Kaplan,female
529,William Hughes,male
530,Judy Gabert,female
531,Ross Nimmons,male
532,Peter Peter,male
533,Jason Halfmann,male
534,Lisa Vise,female
535,Elias Allen,male
536,Andrew Johns,male
537,Lois Mattson,female
538,Latasha Sansone,female
539,Jesus Gonzalez,male
540,Stephen Bland,male
541,William Mcwhirt,male
542,Andy Shao,male
543,Desiree Selfe,female
544,Josh Brown,male
545,Jose Figgs,male
546,Stacey Dean,female
547,Angela Montgomery,female
548,Erik Cooley,male
549,Kenneth Mundt,male
550,Deneen Determan,female
551,Melissa Denes,female
552,Brian Newsham,male
553,Kristina Carr,female
554,Roger Gural,male
555,James James,male
556,Darlene Kellogg,female
557,Hank Hammond,male
558,Thanh Oneil,male
559,John Dunning,male
560,Earl Munford,male
561,Cameron Johnson,male
562,Theron Turner,male
563,Christina Le,female
564,Leslie Sea,male
565,Sara Littrell,female
566,Beverly Twehous,female
567,Alexander Brown,male
568,Angelina Gordon,female
569,Cassandra Witten,female
570,Jonathan Bequette,male
571,Linda Schwab,female
572,Benjamin Dillon,male
573,Carl Hall,male
574,Sean Arias,male
575,Calvin Antoniou,male
576,Catherine Bailey,female
577,Robert Socha,male
578,Daniel Sherman,male
579,Peter Kane,male
580,William Shuler,male
581,James Stoneberg,male
582,Jolene Banuelos,female
583,George Swanson,male
584,Robert Carr,male
585,Diana Zarella,female
586,Lacresha Martinez,female
587,James Young,male
588,Jonathan Ferrell,male
589,Cecil Ellis,male
590,Zachary Nichols,male
591,Donna Meyer,female
592,Robert Hinton,male
593,Christopher Georgi,male
594,Roger Patten,male
595,Eric Small,male
596,Christina Gallinari,female
597,Norberto Tanguma,male
598,Donnette Damato,female
599,Michael Pendleton,male
600,Shane Boyd,male
601,Shane Simpson,male
602,Cathy Terrell,female
603,Donna Guevara,female
604,Mary Clemence,female
605,Christopher Koewler,male
606,Philomena Adams,female
607,Shirley Sheppard,female
608,Luther Williams,male
609,Tracy Benedict,male
610,Robert Eakins,male
611,Ronald Johnson,male
612,Ashli Bridges,female
613,James Rosenberg,male
614,Janet Gonzales,female
615,Maria Pascale,female
616,David Peterson,male
617,Edward Watson,male
618,Kim Headd,female
619,Scotty Volkman,male
620,Matthew Burr,male
621,Patricia Murphy,female
622,James Nooner,male
623,India Brown,female
624,Mary Hubbard,female
625,Dwayne Phillips,male
626,Jose Biondo,male
627,Leonor Mueller,female
628,Helen Spilde,female
629,Byron Pressley,male
630,Christina Velasco,female
631,Kevin Smith,male
632,Angela Grimmer,female
633,Sara Bradshaw,female
634,Brenda Ojeda,female
635,Mike Fogarty,male
636,Sara Solorio,female
637,Shelly James,female
638,Richard Marshall,male
639,Jason Brooks,male
640,Rebecca Taylor,female
641,Matthew Edwards,male
642,William Bruno,male
643,Cheyenne Keiser,female
644,Jason Mullen,male
645,Nathaniel Sales,male
646,Anthony Posey,male
647,Esteban Robichaud,male
648,Dennis Walters,male
649,Deann Kent,female
650,Jose Smith,male
651,Marco Busby,male
652,Donald Cisneros,male
653,Judith Colley,female
654,Leslie Williams,male
655,Theresa Alvarado,female
656,Jose Cathey,male
657,George Brown,male
658,Deborah Hein,female
659,Diana Bustamante,female
660,June Jordon,female
661,Robert Trent,male
662,Jeffrey Wooley,male
663,Eric Miller,male
664,Robert Maines,male
665,Elly Clement,female
666,Clarence Kelly,male
667,Jeramy Parker,male
668,Danny Gordon,male
669,Annabelle Mcdaniel,female
670,Justin Burch,male
671,Frank Moran,male
672,James Walker,male
673,Lydia Mcclellan,female
674,David Pope,male
675,Laurie Burkhart,female
676,Lula Chesterfield,female
677,Rico Reid,male
678,Bernadette Nolder,female
679,Hubert Hawkins,male
680,Robbie Lynch,male
681,Mark Ware,male
682,Sharon Forshey,female
683,Margo Medina,female
684,James Hewlett,male
685,Jason Thompson,male
686,Roger Baker,male
687,Jesus Johnson,male
688,Leonard Siple,male
689,Joanna Johnson,female
690,Emery Reiter,male
691,Bruce Avery,male
692,Joseph Allen,male
693,Rose Hensley,female
694,Andy Overton,male
695,Erin Stone,female
696,Kathy Booker,female
697,Ruben Castillo,male
698,Jimmy Crum,male
699,Joan Barton,female
700,Helen Jackson,female
701,Christopher Craycraft,male
702,William Buck,male
703,Jeffrey Dotson,male
704,Lorena Crowder,female
705,Anna Scott,female
706,Vanessa Mcfadden,female
707,Maragret Perez,female
708,Gerald Couch,male
709,Margaret Combs,female
710,Jacqueline Hunter,female
711,Deborah Goe,female
712,Breanna Shirley,female
713,Margaret Scarnati,female
714,Eugene Murphy,male
715,Donald Hoag,male
716,Pat Harris,female
717,Judith Sullinger,female
718,Leticia Peak,female
719,Kelly Mccane,female
720,Robert Dempsey,male
721,Joshua Boulds,male
722,Kathy Johnson,female
723,Paul Byers,male
724,Roy Corcoran,male
725,Socorro Carney,female
726,Gregory Chaires,male
727,Amanda Salinas,female
728,Gary Crawford,male
729,Anthony Snellen,male
730,Mary Purnell,female
731,Hilda Klein,female
732,Carrie Mitchell,female
733,Donald Wenrich,male
734,Adrian Sanchez,male
735,Anthony Snelson,male
736,Jean Mattox,female
737,Dwayne Smith,male
738,June Otsu,female
739,Lois Williams,female
740,Lawrence Tinajero,male
741,John Amerman,male
742,Tyler Washinton,male
743,Jon Lee,male
744,Leon Matney,male
745,Thomas Witte,male
746,Lori Davis,female
747,Meagan Sanchez,female
748,Richard Ryder,male
749,Robert Alquisira,male
750,Morgan Cooper,male
751,Marie Hardesty,female
752,John Arnold,male
753,Harry Beers,male
754,Mary Rotella,female
755,Phoebe Gray,female
756,Fern Weil,female
757,Charles Washington,male
758,Christopher Raglin,male
759,Maurice Bland,male
760,Jeffrey Krebs,male
761,Donald Johnson,male
762,Carl Brown,male
763,Steve Vang,male
764,Donna Willardson,female
765,Andrew Mata,male
766,Steve Hackathorn,male
767,Leo Clark,male
768,Adriana Cameron,female
769,Andrea Haraway,female
770,Andrew Evans,male
771,Freddie Stocker,male
772,Lola Hobbs,female
773,Sadie Carson,female
774,Juan Cumberland,male
775,Jeffrey Vallejos,male
776,Charles Sternberg,male
777,Lisa Garrett,female
778,Jimmy Windus,male
779,Dawn Moody,female
780,Paul Davis,male
781,William Short,male
782,Damon Jamison,male
783,Carole Anderson,female
784,Thomas Howell,male
785,Dale Zuniga,female
786,Gerald Rogers,male
787,Ryan Zurawski,male
788,David Kramer,male
789,Jennifer Dove,female
790,Jacqueline Ellis,female
791,Lori Rodriguez,female
792,Janet Cordero,female
793,Scott Frappier,male
794,Ronald Adams,male
795,Richard Mitchell,male
796,William Page,male
797,Matthew Braam,male
798,Keith Pulliam,male
799,Raymond Crowe,male
800,David Blumenthal,male
801,Harry Gladden,male
802,Jan Johnson,female
803,Todd Zimmer,male
804,Terry Williams,male
805,Benny Beegle,male
806,Charles Adams,male
807,Chad Derks,male
808,William Walters,male
809,Robert Torrence,male
810,James Phillips,male
811,Thomas Zahler,male
812,Sulema Wilson,female
813,Eli Workman,male
814,Robert Mcjunkins,male
815,Janean Chapen,female
816,Frank Boles,male
817,Tracy Plummer,male
818,Betty Hatfield,female
819,Kathy Carruth,female
820,Toby Rodriquez,male
821,Paul Huffman,male
822,Douglas Gonzales,male
823,Tammy Sweeney,female
824,Jacqueline Slaughter,female
825,Stephen Field,female
826,Letitia Jacobs,female
827,Peter Kuipers,male
828,Norris Ross,male
829,Thomas Colpitts,male
830,Katie Nash,female
831,Francisco Simpson,male
832,Rachelle Ohler,female
833,Lori Xu,female
834,Tracy Slavin,male
835,Jeffrey Owens,male
836,Willard Barden,male
837,Christopher Ikard,male
838,Connie Dantzler,female
839,Pat Byars,male
840,Jimmy Potts,male
841,Jeffrey Trujillo,male
842,James Scher,male
843,Margie Patton,female
844,Jesus Hernandez,male
845,Joseph Summers,male
846,Raymond Wimmer,male
847,Kelly Chen,female
848,Robert Solis,male
849,Kathleen Roberts,female
850,Kenneth Linsley,male
851,Kimberly Rosales,female
852,Felipe Kathan,male
853,Harold Silberman,male
854,James Moody,male
855,Rodney Mccann,male
856,Tim Gonzalez,male
857,John Diaz,male
858,Miguel Mcbride,male
859,Meghan Hogan,female
860,Barry Smyer,male
861,Donald Scorgie,male
862,Michael Croce,male
863,Henry Dimas,male
864,Mary Hubertus,female
865,Richard Gertelman,male
866,Richard Terry,male
867,Duane Niswander,male
868,Glenn Grady,male
869,Kristina Barnwell,female
870,Andrew Wilson,male
871,Daryl Lee,male
872,John Warney,male
873,Amy Wiley,female
874,Carolyn Gandy,female
875,Marlena Killian,female
876,Bob Cummings,male
877,Roger Mcguire,male
878,Delbert Evans,male
879,Melvin Lewis,male
880,Lindsay Belyoussian,female
881,Pamela Lamb,female
882,Carrie Collins,female
883,Charles Vadala,male
884,Jaime Wheeler,male
885,Wesley Williams,male
886,Rodney Newton,male
887,Bobbie Jefferson,female
888,Mary Fouts,female
889,Dana Schiller,female
890,Ellen Urbancic,female
891,Miguel Foster,male
892,Latrice Dana,female
893,Jack Joiner,male
894,Darcy Wilson,female
895,Larry Kaiser,male
896,Ted Smith,male
897,Sarah Rowell,female
898,Arnold Allen,male
899,Eunice Ahuna,female
900,Jason Belcher,male
901,Crystal Davis,female
902,Linda Scott,female
903,Warren Gutierrez,male
904,Jane Carson,female
905,Janice Aderholt,female
906,Floyd Zavala,male
907,Lillie Wyatt,female
908,Dallas Scott,male
909,Loretta Pierce,female
910,James Kremen,male
911,Charlene Chapman,female
912,Eugene Perez,male
913,Phillip Nichols,male
914,Wendy Ness,female
915,Heath Mccarty,male
916,Roberto Thomas,male
917,David Hutchinson,male
918,Victoria Warthen,female
919,Jessica Hill,female
920,Clark Sanders,male
921,Harvey Perry,male
922,Enrique Cox,male
923,Cindy Spencer,female
924,Tina Johnson,female
925,Joseph Macquarrie,male
926,Bethel Owen,female
927,Margaret Powell,female
928,Larry Smith,male
929,Robyn Jarvis,female
930,Scott Blake,male
931,Arthur Lloyd,male
932,Gena Wallerich,female
933,Neal Locklear,male
934,Lester Douglass,male
935,Leonardo Tucker,male
936,Tricia Marmolejo,female
937,James Smith,male
938,Antione Brun,male
939,Don Huck,male
940,Helen Davis,female
941,Christina Escobedo,female
942,Derek Kelly,male
943,Leopoldo Williams,male
944,Johnny Gillespie,male
945,Don Stills,male
946,Nancy Anderson,female
947,Charles Cartwright,male
948,Scott Savage,male
949,Larry Aguirre,male
950,Eric Deck,male
951,Juan Foster,male
952,Kenneth Pratt,male
953,Herman Hanley,male
954,Manuel Golden,male
955,Saul Dennis,male
956,Oscar Cecil,male
957,Ismael Scipioni,male
958,Robert Schmidt,male
959,Robert Allen,male
960,Opal Marie,female
961,Diana Knepper,female
962,Mark Loffler,male
963,Jennifer Mosley,female
964,Lane Heflin,male
965,Julie Goff,female
966,Jeannine Long,female
967,Mary Caputo,female
968,Frederick Rodriguez,male
969,Shirley Fullwood,female
970,Peter Campbell,male
971,Judith Pope,female
972,Bryant Schuster,male
973,Alexandra Young,female
974,Steve Marshall,male
975,Nathaniel Harris,male
976,Harry Dunn,male
977,Alvin Thomas,male
978,Joseph Hopkins,male
979,Jesse Szymansky,male
980,Willie Vincent,male
981,James Toney,male
982,Sandra Mckissack,female
983,Beverly Walter,female
984,Dennis Freeman,male
985,Tiffany Lilly,female
986,Nathan Robinson,male
987,Tom Warren,male
988,Margaret Thomas,female
989,Odette Meurer,female
990,Raymond Golden,male
991,Gary Maust,male
992,Lauren George,male
993,Francis Chase,male
994,Jennifer Mabry,female
995,Jeffrey Murphy,male
996,Clayton Velez,male
997,Eric Nicely,male
998,Kenneth Ellis,male
999,Bryan King,male
